,Date,Open,High,Low,Adj Close,Volume
295,2022-09-29,59.200001,62.0,58.900002,61.200001,76969699
536,2023-09-20,101.300003,104.900002,99.300003,100.0,104115507
406,2023-03-10,53.799999,54.5,53.299999,53.849998,39226931
463,2023-06-06,71.550003,73.150002,71.349998,72.349998,64762959
308,2022-10-19,63.400002,63.700001,61.5,62.049999,52638798
521,2023-08-29,92.75,95.0,92.599998,94.699997,86708316
26,2021-08-31,134.0,135.199997,131.350006,134.550003,24640924
541,2023-09-27,99.900002,101.199997,98.5,100.099998,34894254
148,2022-02-24,78.650002,81.5,78.099998,78.5,22035319
502,2023-08-01,84.599998,85.699997,84.199997,84.75,34950470
307,2022-10-18,63.650002,64.400002,62.75,63.0,49431277
203,2022-05-19,56.5,56.849998,54.799999,55.349998,31970099
105,2021-12-24,134.5,134.5,129.600006,131.449997,17625584
303,2022-10-12,65.650002,66.449997,63.049999,63.75,67799710
114,2022-01-06,133.0,133.149994,129.600006,130.0,23780419
91,2021-12-06,146.600006,146.850006,135.300003,138.550003,33244501
575,2023-11-17,122.0,125.0,121.5,122.199997,43882213
431,2023-04-20,54.150002,54.400002,53.650002,54.200001,23096046
331,2022-11-23,63.5,64.300003,61.400002,61.75,69815602
464,2023-06-07,72.5,75.0,72.400002,74.5,67871844
249,2022-07-22,53.75,54.0,52.900002,53.650002,27302087
121,2022-01-17,133.600006,134.5,133.0,134.0,7515979
49,2021-10-04,139.100006,140.0,138.0,139.100006,11995299
236,2022-07-05,55.400002,55.900002,54.349998,55.450001,51276627
563,2023-10-31,107.849998,108.150002,104.25,105.099998,49382539
22,2021-08-25,126.0,128.5,123.099998,124.25,51078811
179,2022-04-12,84.300003,84.300003,81.0,81.5,12913673
201,2022-05-17,56.099998,56.700001,55.150002,56.150002,21460388
157,2022-03-10,82.550003,83.949997,81.699997,82.199997,13476206
147,2022-02-23,82.0,85.150002,81.199997,84.150002,19847603
145,2022-02-21,84.199997,84.800003,80.650002,81.550003,18853339
284,2022-09-14,64.050003,65.150002,62.75,63.299999,119824317
356,2022-12-28,58.5,60.799999,57.849998,60.150002,70502428
403,2023-03-06,54.0,54.950001,53.700001,53.950001,33492583
178,2022-04-11,83.150002,85.849998,83.0,84.449997,17609808
229,2022-06-24,71.0,71.849998,69.550003,70.5,23948418
547,2023-10-06,106.400002,107.199997,104.0,104.449997,65041435
101,2021-12-20,135.300003,135.75,124.599998,126.550003,36064413
474,2023-06-21,76.099998,77.349998,74.650002,75.099998,31896510
469,2023-06-14,78.300003,78.449997,73.25,74.099998,83186945
42,2021-09-23,134.5,140.399994,133.050003,137.300003,31779169
552,2023-10-13,109.849998,111.800003,109.099998,111.0,55786063
41,2021-09-22,135.399994,135.399994,131.300003,132.100006,16923375
619,2024-01-22,135.050003,135.050003,135.050003,135.050003,0
353,2022-12-23,58.299999,58.349998,53.200001,53.650002,93022114
572,2023-11-13,122.650002,123.099998,121.5,122.199997,28348143
483,2023-07-05,74.849998,75.099998,73.699997,74.050003,25459694
204,2022-05-20,56.5,58.75,56.400002,58.049999,32411623
125,2022-01-21,125.150002,125.150002,112.550003,113.650002,59805922
175,2022-04-06,83.75,85.300003,83.150002,84.550003,10697018
329,2022-11-21,66.400002,66.400002,63.799999,64.300003,85998316
512,2023-08-16,92.449997,95.599998,91.5,91.900002,76333138
592,2023-12-13,116.900002,120.5,116.150002,120.0,48092329
477,2023-06-26,74.150002,75.25,73.800003,74.849998,30411621
267,2022-08-19,67.400002,68.25,60.150002,61.450001,295737752
95,2021-12-10,144.100006,146.399994,139.75,140.550003,27881031
182,2022-04-19,83.099998,83.900002,79.449997,80.449997,13439870
20,2021-08-23,137.800003,137.800003,124.75,127.25,68470861
492,2023-07-18,80.650002,80.650002,76.5,78.699997,71215775
498,2023-07-26,83.099998,84.599998,82.5,83.349998,59291226
254,2022-07-29,45.599998,47.200001,44.549999,46.799999,177187972
188,2022-04-27,79.400002,79.599998,75.5,75.849998,23626624
276,2022-09-02,63.400002,63.400002,59.400002,59.75,137946710
495,2023-07-21,77.849998,80.699997,77.400002,80.300003,74991213
585,2023-12-04,118.75,119.0,116.25,117.400002,66057180
260,2022-08-08,54.700001,56.200001,54.200001,55.450001,178185076
256,2022-08-02,50.0,55.549999,48.400002,55.549999,528899748
184,2022-04-21,81.099998,81.849998,80.650002,80.800003,6780602
292,2022-09-26,60.0,60.650002,57.400002,57.799999,65832873
211,2022-05-31,68.5,77.699997,67.400002,74.650002,184333915
381,2023-02-02,48.400002,48.900002,47.150002,47.5,40751688
415,2023-03-23,52.900002,53.200001,52.099998,52.650002,32816290
191,2022-05-02,71.75,71.900002,68.75,69.5,18464589
573,2023-11-15,123.300003,125.199997,119.75,120.25,60088818
485,2023-07-07,74.800003,74.900002,73.0,73.25,26599778
534,2023-09-15,100.5,104.449997,100.349998,102.949997,148853172
27,2021-09-01,134.550003,135.100006,130.699997,132.600006,16162269
446,2023-05-12,62.5,63.650002,61.599998,62.599998,73164520
216,2022-06-07,69.699997,69.699997,64.75,65.400002,41755337
248,2022-07-21,53.349998,54.450001,52.700001,53.5,29402446
189,2022-04-28,77.349998,77.599998,73.5,73.849998,21338831
344,2022-12-12,64.150002,64.75,63.599998,64.400002,20602398
289,2022-09-21,63.299999,63.950001,62.400002,63.450001,59131994
70,2021-11-03,132.899994,132.899994,127.5,128.350006,15919925
445,2023-05-11,62.599998,63.5,62.0,62.400002,75062855
518,2023-08-24,95.75,95.75,93.199997,93.800003,47597101
21,2021-08-24,127.25,127.949997,120.5,125.0,56713556
613,2024-01-12,140.0,141.5,136.800003,139.550003,45508277
396,2023-02-23,53.0,56.0,52.799999,54.950001,118058937
317,2022-11-02,63.75,64.699997,62.700001,63.0,52915032
586,2023-12-05,117.900002,118.25,116.25,116.75,57483305
580,2023-11-24,114.150002,116.0,112.900002,113.25,49980086
233,2022-06-30,57.799999,59.0,53.349998,53.849998,106893631
223,2022-06-16,72.0,72.0,66.099998,67.199997,41879881
299,2022-10-06,64.400002,66.150002,64.25,65.550003,59866072
160,2022-03-15,79.300003,79.599998,76.0,76.550003,18900800
514,2023-08-18,91.0,91.400002,89.0,89.349998,50513070
604,2024-01-01,124.449997,125.599998,122.849998,124.5,24228685
309,2022-10-20,61.700001,62.0,60.849998,61.299999,57513138
400,2023-03-01,53.5,55.349998,53.349998,54.950001,42854827
258,2022-08-04,55.75,58.650002,54.5,57.849998,420183405
52,2021-10-07,136.75,138.449997,136.050003,137.100006,7317664
314,2022-10-28,65.25,65.699997,62.299999,62.599998,56787309
316,2022-11-01,63.5,63.75,62.700001,63.5,50425928
94,2021-12-09,148.649994,148.649994,145.300003,146.25,18377899
527,2023-09-06,98.400002,98.849998,97.650002,98.199997,28329667
362,2023-01-05,56.950001,57.099998,55.599998,56.200001,34448671
104,2021-12-23,140.050003,140.75,132.100006,133.0,21934786
313,2022-10-27,64.099998,65.650002,63.5,65.099998,64853360
413,2023-03-21,53.849998,54.150002,52.650002,53.0,31632951
560,2023-10-26,107.5,108.0,101.25,106.449997,108605538
614,2024-01-15,139.550003,139.550003,139.550003,139.550003,0
241,2022-07-12,55.900002,59.650002,55.5,59.0,57986568
405,2023-03-09,55.099998,56.349998,53.900002,54.049999,56021946
6,2021-08-02,135.75,140.75,135.149994,139.699997,66909732
494,2023-07-20,78.050003,79.099998,77.300003,77.599998,40495235
311,2022-10-24,62.900002,62.950001,62.049999,62.349998,7775480
326,2022-11-16,69.949997,70.5,67.699997,68.699997,75425523
374,2023-01-23,51.900002,51.900002,50.650002,51.0,24658884
528,2023-09-07,98.650002,101.599998,98.199997,100.050003,111222776
455,2023-05-25,64.800003,68.199997,64.5,67.300003,139721311
37,2021-09-16,143.0,144.0,141.5,142.050003,17634206
562,2023-10-30,106.199997,108.599998,105.699997,107.699997,48282252
128,2022-01-27,98.0,98.0,90.449997,90.5,106488772
618,2024-01-19,130.5,135.5,128.0,135.050003,81155018
370,2023-01-17,53.0,53.099998,50.0,50.150002,77122987
165,2022-03-23,82.0,82.0,80.199997,80.75,12522850
352,2022-12-22,61.799999,62.049999,58.549999,58.950001,53936114
391,2023-02-16,50.799999,51.799999,50.450001,51.400002,48841966
38,2021-09-17,142.550003,146.899994,137.149994,137.899994,23264091
378,2023-01-30,47.900002,48.549999,46.700001,47.400002,54376637
90,2021-12-03,152.100006,152.800003,143.850006,144.899994,26452896
12,2021-08-10,131.0,131.449997,122.099998,125.199997,43164004
579,2023-11-23,113.599998,115.75,112.5,112.949997,56329090
286,2022-09-16,64.400002,65.0,61.099998,63.200001,196537446
144,2022-02-18,88.099998,88.400002,85.199997,85.900002,15037123
332,2022-11-24,62.299999,64.099998,62.049999,63.200001,90679986
367,2023-01-12,54.700001,55.0,52.950001,53.75,38856261
468,2023-06-13,77.900002,78.800003,76.699997,78.300003,81857154
25,2021-08-30,127.849998,135.449997,127.550003,133.550003,45239080
499,2023-07-27,83.349998,86.099998,82.800003,84.949997,77249384
163,2022-03-21,82.0,83.300003,79.25,80.400002,28669864
81,2021-11-22,158.25,158.25,136.800003,149.75,79417849
133,2022-02-03,98.5,98.5,96.099998,97.099998,9769090
1,2021-07-26,126.349998,143.75,125.300003,140.649994,249723854
408,2023-03-14,52.0,52.5,50.200001,50.75,52247904
19,2021-08-20,134.949997,141.449997,133.0,139.300003,53789580
29,2021-09-03,135.949997,151.399994,135.600006,149.75,113381518
334,2022-11-28,64.25,65.300003,63.799999,64.400002,53453545
507,2023-08-08,98.349998,100.300003,92.699997,93.449997,160236123
602,2023-12-28,124.900002,125.5,120.599998,123.199997,72865479
71,2021-11-04,130.0,132.399994,130.0,131.350006,4101820
83,2021-11-24,151.100006,156.399994,149.600006,155.5,53749976
291,2022-09-23,63.0,63.349998,60.400002,60.799999,56730282
330,2022-11-22,64.900002,64.900002,63.299999,63.950001,50715391
53,2021-10-08,138.0,138.0,135.699997,136.149994,6207969
278,2022-09-06,60.299999,60.799999,59.400002,59.700001,70186636
173,2022-04-04,84.400002,87.699997,84.400002,86.25,18040882
481,2023-07-03,75.449997,77.25,74.550003,75.650002,49243205
501,2023-07-31,87.0,87.150002,83.699997,84.099998,49093355
346,2022-12-14,64.849998,65.449997,64.599998,65.0,24599687
103,2021-12-22,133.050003,139.75,133.0,138.649994,19425711
587,2023-12-06,117.150002,119.699997,116.599998,118.900002,48171753
32,2021-09-08,141.0,143.600006,139.050003,141.25,28133284
149,2022-02-25,82.0,83.400002,78.150002,78.800003,22876044
4,2021-07-29,134.949997,144.0,132.199997,141.550003,117973089
218,2022-06-09,66.199997,69.699997,65.0,68.699997,47653877
239,2022-07-08,55.0,55.299999,54.299999,54.799999,21413556
235,2022-07-04,54.5,55.799999,53.299999,54.299999,56902459
84,2021-11-25,157.0,161.300003,154.050003,159.75,48900473
127,2022-01-25,90.949997,100.449997,84.150002,100.449997,138336211
143,2022-02-17,86.5,90.099998,85.900002,89.150002,29566401
126,2022-01-24,114.0,114.199997,90.949997,91.349998,167044739
152,2022-03-03,81.5,83.199997,81.199997,82.199997,16067224
476,2023-06-23,73.900002,75.300003,72.550003,74.150002,51775728
240,2022-07-11,54.700001,56.5,54.200001,56.099998,21739009
80,2021-11-18,158.899994,161.850006,152.5,154.699997,46802082
117,2022-01-11,131.0,132.5,130.0,131.300003,15396652
318,2022-11-03,62.799999,62.799999,62.0,62.200001,31729457
23,2021-08-26,125.25,127.150002,124.349998,125.849998,20645403
615,2024-01-16,135.0,135.300003,131.0,133.550003,47043428
598,2023-12-21,122.150002,128.699997,120.199997,127.349998,52326124
508,2023-08-09,93.900002,94.849998,91.599998,94.099998,109240947
533,2023-09-14,98.650002,100.099998,98.199997,99.449997,45226055
61,2021-10-21,139.75,139.899994,135.800003,138.149994,5951873
108,2021-12-29,132.699997,137.699997,131.550003,137.100006,18914246
337,2022-12-01,66.5,67.150002,65.400002,66.650002,83610566
611,2024-01-10,134.25,136.149994,132.25,134.649994,29917881
605,2024-01-02,127.0,129.449997,125.5,128.699997,69395959
44,2021-09-27,139.850006,144.75,138.0,143.699997,26041244
306,2022-10-17,61.900002,63.25,61.150002,62.650002,56007734
89,2021-12-02,151.600006,153.800003,147.800003,150.649994,23508261
232,2022-06-29,58.75,61.450001,56.849998,57.299999,96955320
470,2023-06-15,74.5,76.099998,73.099998,75.099998,93321136
324,2022-11-14,74.300003,75.449997,69.050003,69.599998,186727024
168,2022-03-28,80.599998,81.0,79.150002,79.650002,10034667
426,2023-04-12,54.25,54.25,52.900002,53.200001,30848068
220,2022-06-13,67.5,68.300003,65.400002,67.5,34863276
167,2022-03-25,81.0,81.849998,80.25,80.599998,13585986
225,2022-06-20,68.0,68.0,64.050003,65.0,27409011
395,2023-02-22,54.849998,55.400002,52.599998,52.950001,75802021
7,2021-08-03,137.0,140.800003,137.0,139.399994,46610001
519,2023-08-25,93.349998,93.349998,90.050003,91.0,65076321
115,2022-01-07,130.0,131.449997,129.0,129.25,22846951
621,2024-01-24,131.449997,136.899994,129.800003,136.199997,54612769
355,2022-12-27,59.400002,60.599998,58.5,58.950001,54205000
443,2023-05-09,64.699997,64.699997,60.299999,60.950001,127854883
245,2022-07-18,54.700001,55.099998,52.849998,53.599998,47689463
136,2022-02-08,94.349998,94.650002,91.25,93.550003,9026735
416,2023-03-24,52.5,52.849998,50.150002,50.650002,67243087
525,2023-09-04,97.5,98.599998,97.300003,98.050003,37447917
425,2023-04-11,54.650002,55.25,53.25,53.950001,41101417
568,2023-11-07,123.550003,126.349998,120.5,121.300003,120886007
538,2023-09-22,99.5,101.400002,98.699997,99.900002,39492725
487,2023-07-11,75.050003,77.0,74.900002,76.800003,42946892
436,2023-04-27,58.599998,61.150002,58.349998,60.700001,82969101
524,2023-09-01,98.300003,98.349998,96.849998,97.199997,47561928
564,2023-11-01,105.599998,107.150002,103.25,103.699997,47911258
293,2022-09-27,58.150002,59.75,56.950001,58.849998,79641870
589,2023-12-08,123.0,123.900002,119.300003,119.949997,44213196
183,2022-04-20,81.599998,82.300003,80.0,80.300003,12797463
219,2022-06-10,67.300003,69.699997,66.5,69.0,42040372
279,2022-09-07,59.650002,60.400002,59.200001,59.5,59843737
414,2023-03-22,53.400002,53.900002,52.700001,53.099998,38444991
439,2023-05-03,63.450001,64.949997,63.150002,63.549999,65082316
228,2022-06-23,67.050003,70.0,66.5,69.550003,33785882
10,2021-08-06,135.5,136.199997,130.100006,131.350006,31975356
601,2023-12-27,125.699997,127.599998,125.550003,127.050003,21757560
28,2021-09-02,132.0,138.5,131.5,137.600006,27882466
482,2023-07-04,75.800003,76.199997,74.5,74.800003,24150257
207,2022-05-25,65.699997,66.900002,60.650002,62.299999,104446924
393,2023-02-20,51.900002,55.049999,51.75,54.599998,93315254
124,2022-01-20,127.949997,130.699997,125.0,125.199997,23290545
69,2021-11-02,132.699997,133.600006,131.75,132.449997,7367792
161,2022-03-16,80.0,80.0,75.5,75.949997,42383305
194,2022-05-06,59.299999,62.299999,57.650002,60.5,47189321
137,2022-02-09,94.5,95.449997,93.599998,94.199997,7876462
520,2023-08-28,96.0,96.099998,91.75,92.349998,141118441
565,2023-11-02,105.0,108.0,104.900002,107.550003,47086204
112,2022-01-04,141.350006,141.550003,137.600006,138.350006,10705792
325,2022-11-15,69.599998,71.150002,69.099998,69.949997,68397103
388,2023-02-13,53.0,53.700001,51.25,51.799999,86162276
100,2021-12-17,138.949997,141.0,132.350006,135.350006,95386202
343,2022-12-09,64.199997,64.849998,63.900002,64.150002,36490408
312,2022-10-25,62.700001,64.900002,62.400002,64.599998,81043498
432,2023-04-21,54.299999,56.75,54.099998,56.049999,106707937
341,2022-12-07,65.099998,65.400002,64.099998,64.449997,29775697
478,2023-06-27,75.150002,76.949997,74.849998,76.150002,59078137
566,2023-11-03,108.800003,119.900002,108.699997,116.5,238833377
549,2023-10-10,104.900002,107.949997,104.650002,106.050003,67712329
110,2021-12-31,133.850006,138.399994,133.399994,137.399994,11452243
461,2023-06-02,70.0,73.199997,69.5,71.150002,170769117
283,2022-09-13,63.0,66.599998,62.799999,65.449997,199032705
281,2022-09-09,62.0,63.650002,62.0,62.799999,139369425
407,2023-03-13,53.950001,54.700001,51.599998,51.900002,52374659
187,2022-04-26,80.599998,80.900002,78.599998,79.599998,9548939
442,2023-05-08,64.599998,66.199997,63.5,64.900002,104940671
122,2022-01-18,134.5,134.600006,132.800003,133.050003,9428096
462,2023-06-05,71.300003,72.150002,69.599998,71.25,84075166
387,2023-02-10,52.700001,54.150002,50.700001,53.299999,176950201
584,2023-12-01,118.0,118.349998,115.099998,116.300003,57261076
92,2021-12-07,141.350006,143.800003,138.649994,139.800003,36835410
410,2023-03-16,50.900002,53.700001,49.849998,53.049999,61237058
554,2023-10-17,112.5,114.199997,111.5,113.849998,55351894
195,2022-05-09,59.599998,60.400002,55.650002,56.75,38279098
62,2021-10-22,138.949997,142.0,135.800003,137.75,11468458
616,2024-01-17,132.399994,132.399994,126.75,127.400002,76780526
540,2023-09-26,98.599998,100.400002,97.900002,99.900002,36822528
174,2022-04-05,83.0,85.150002,82.349998,83.900002,28433443
18,2021-08-18,134.5,136.800003,133.300003,134.949997,22566920
523,2023-08-31,100.050003,100.800003,96.699997,97.599998,113063640
441,2023-05-05,65.5,66.699997,64.25,65.400002,94016138
45,2021-09-28,143.899994,143.899994,137.649994,139.0,13489232
302,2022-10-11,68.400002,69.199997,65.0,65.550003,70171064
583,2023-11-30,118.800003,120.699997,116.150002,118.550003,225208168
130,2022-01-31,91.349998,92.5,89.650002,90.400002,20203799
567,2023-11-06,119.599998,123.900002,118.25,123.300003,186288904
50,2021-10-05,138.75,138.800003,137.149994,137.949997,10912142
97,2021-12-14,144.699997,144.949997,140.0,140.649994,19474412
197,2022-05-11,52.0,56.450001,50.299999,54.200001,99812774
215,2022-06-06,70.0,71.199997,69.199997,69.900002,30078469
238,2022-07-07,54.650002,55.150002,53.75,54.450001,35759428
517,2023-08-23,92.949997,95.0,92.050003,94.300003,64768237
625,2024-01-31,140.0,142.0,138.0,139.550003,89833027
550,2023-10-11,106.800003,109.800003,106.550003,109.0,93838782
63,2021-10-25,138.0,138.949997,131.550003,132.699997,13530512
471,2023-06-16,75.550003,76.0,73.900002,74.449997,45783616
440,2023-05-04,63.5,66.599998,63.349998,65.699997,123042355
497,2023-07-25,81.300003,83.199997,79.300003,82.650002,72459586
169,2022-03-29,80.050003,80.5,78.050003,78.199997,13466521
247,2022-07-20,54.5,54.5,53.200001,53.400002,37683099
257,2022-08-03,52.5,56.900002,51.75,55.450001,599688336
251,2022-07-26,46.599998,46.650002,41.200001,41.650002,412304737
428,2023-04-17,54.200001,54.25,53.0,53.950001,24787918
269,2022-08-23,62.299999,65.25,62.150002,64.449997,218585102
600,2023-12-26,128.5,128.699997,124.300003,125.0,25499782
622,2024-01-25,135.899994,138.199997,132.800003,136.149994,60682540
153,2022-03-04,80.5,82.900002,79.5,80.199997,15145236
460,2023-06-01,68.699997,68.800003,67.599998,67.949997,57846081
76,2021-11-12,142.0,155.199997,142.0,153.0,140547798
458,2023-05-30,67.5,68.300003,66.449997,66.849998,60699589
375,2023-01-24,51.0,52.299999,50.650002,52.099998,47720352
40,2021-09-21,137.199997,138.0,131.0,133.449997,19330196
542,2023-09-28,100.349998,100.599998,99.300003,99.949997,25885383
548,2023-10-09,103.800003,105.25,101.0,103.900002,53811658
65,2021-10-27,136.199997,139.25,134.5,134.800003,8982174
574,2023-11-16,120.900002,122.550003,120.699997,121.849998,36895083
206,2022-05-24,57.950001,67.599998,57.900002,64.949997,193577787
8,2021-08-04,139.800003,141.0,135.25,138.399994,41134419
77,2021-11-15,149.0,163.300003,142.350006,160.300003,121197599
535,2023-09-18,103.599998,105.0,101.650002,102.150002,69476642
58,2021-10-18,136.0,146.149994,135.899994,144.050003,31446800
447,2023-05-15,62.099998,64.099998,61.950001,63.700001,55886001
250,2022-07-25,52.5,52.5,46.0,47.599998,232841112
372,2023-01-19,50.299999,51.900002,50.049999,51.099998,54523340
472,2023-06-19,74.599998,77.0,74.099998,75.849998,62744981
424,2023-04-10,52.150002,54.200001,51.799999,53.950001,60655412
377,2023-01-27,49.0,51.799999,46.700001,46.950001,169788452
480,2023-06-30,75.0,75.449997,74.0,75.050003,49245376
496,2023-07-24,80.800003,82.449997,80.550003,81.300003,64291285
119,2022-01-13,132.5,133.449997,132.350006,133.100006,6535224
609,2024-01-08,133.649994,133.649994,130.0,132.850006,38912423
603,2023-12-29,124.0,125.550003,123.25,123.699997,27512604
319,2022-11-04,62.75,63.650002,62.450001,63.0,35296904
364,2023-01-09,56.0,57.25,55.75,56.0,35490334
412,2023-03-20,53.599998,54.75,52.200001,53.549999,65578919
141,2022-02-15,83.5,84.650002,75.75,82.699997,106216252
88,2021-12-01,153.0,157.899994,149.449997,151.399994,32604856
323,2022-11-11,66.0,73.550003,65.5,72.800003,397758848
321,2022-11-09,65.449997,67.5,65.0,65.300003,87424592
60,2021-10-20,138.5,140.399994,133.850006,137.899994,12607297
486,2023-07-10,73.449997,75.550003,73.400002,74.800003,33812208
385,2023-02-08,51.200001,55.299999,51.099998,54.299999,265595807
419,2023-03-29,50.25,51.75,49.599998,51.25,41464387
433,2023-04-24,55.5,56.400002,54.700001,56.0,43287483
301,2022-10-10,68.400002,69.699997,67.5,68.699997,87158481
612,2024-01-11,135.300003,139.0,135.050003,138.350006,41809415
296,2022-09-30,61.5,62.849998,59.75,62.349998,71494895
315,2022-10-31,63.599998,63.849998,62.099998,63.099998,45949861
581,2023-11-28,114.900002,116.900002,113.5,113.800003,61963724
46,2021-09-29,138.0,139.5,136.5,138.5,10801439
86,2021-11-29,148.800003,153.899994,137.5,149.100006,43972445
109,2021-12-30,137.050003,137.050003,133.300003,133.949997,8369208
360,2023-01-03,58.849998,59.549999,57.299999,58.950001,49702768
16,2021-08-16,136.399994,136.899994,132.25,134.949997,20305361
493,2023-07-19,79.0,80.349998,77.25,77.650002,42130927
193,2022-05-05,65.75,66.650002,60.5,61.150002,40296393
624,2024-01-30,135.850006,138.800003,134.649994,137.199997,57612020
401,2023-03-02,54.75,55.200001,54.349998,54.549999,36256148
539,2023-09-25,100.300003,100.5,97.75,98.449997,34410972
438,2023-05-02,64.5,65.650002,63.049999,63.450001,112758256
140,2022-02-14,87.0,87.0,80.550003,82.449997,35049550
198,2022-05-12,53.799999,53.900002,51.049999,51.950001,37338266
467,2023-06-12,78.300003,80.300003,76.5,77.949997,105388190
14,2021-08-12,135.649994,137.399994,132.050003,135.449997,51256670
87,2021-11-30,149.949997,158.0,145.300003,152.550003,258130152
265,2022-08-17,64.800003,65.599998,61.799999,65.25,258066522
262,2022-08-11,56.900002,58.150002,56.349998,57.900002,130942734
222,2022-06-15,70.650002,71.900002,68.949997,70.199997,33246369
259,2022-08-05,57.900002,59.150002,53.25,54.599998,315019033
3,2021-07-28,131.0,135.0,123.550003,131.199997,159793731
354,2022-12-26,53.950001,59.75,53.450001,58.150002,83571451
489,2023-07-13,77.849998,84.5,77.650002,82.199997,192605002
473,2023-06-20,76.0,76.400002,74.800003,75.849998,30591595
139,2022-02-11,92.75,92.75,86.5,88.699997,39976783
67,2021-10-29,135.0,135.0,130.5,131.550003,12925877
515,2023-08-21,90.5,90.5,88.300003,89.75,36755760
342,2022-12-08,64.800003,64.800003,63.650002,63.799999,35341241
56,2021-10-13,137.25,137.399994,134.350006,135.449997,6351349
304,2022-10-13,64.099998,64.650002,61.0,61.25,73750800
51,2021-10-06,138.75,139.199997,133.699997,134.949997,9988184
513,2023-08-17,92.300003,93.25,90.5,91.150002,45657095
465,2023-06-08,74.800003,76.349998,73.699997,75.800003,88006842
530,2023-09-11,100.0,102.550003,99.199997,101.349998,83850675
305,2022-10-14,63.0,64.150002,61.599998,61.900002,85139332
434,2023-04-25,56.400002,60.599998,56.200001,57.75,199056106
537,2023-09-21,100.0,100.949997,98.25,99.150002,40591612
357,2022-12-29,59.5,61.549999,59.0,60.849998,24973807
186,2022-04-25,80.5,81.599998,78.599998,78.75,16717052
555,2023-10-18,114.5,115.099998,109.5,113.199997,100553806
129,2022-01-28,93.599998,96.449997,88.800003,89.550003,61452438
359,2023-01-02,60.650002,60.700001,59.799999,60.299999,18759536
244,2022-07-15,56.200001,56.200001,53.349998,53.900002,47995067
255,2022-08-01,46.799999,47.25,45.049999,46.299999,135944043
390,2023-02-15,50.549999,50.900002,49.799999,50.25,49655881
154,2022-03-07,79.0,79.650002,78.0,79.0,9764606
371,2023-01-18,50.400002,51.450001,48.849998,51.0,84541855
629,2024-02-06,140.399994,141.800003,138.050003,139.949997,46782951
593,2023-12-14,121.0,124.949997,120.5,124.150002,74178495
158,2022-03-11,82.400002,82.400002,79.5,79.900002,18964704
590,2023-12-11,119.949997,120.5,117.550003,118.449997,32372287
271,2022-08-25,62.799999,63.200001,61.650002,62.099998,81137105
484,2023-07-06,74.449997,75.25,74.300003,74.75,24467816
146,2022-02-22,78.0,80.550003,77.0,79.699997,28814770
394,2023-02-21,54.599998,56.150002,54.400002,55.349998,100106053
418,2023-03-28,50.200001,50.549999,49.0,50.25,50426174
576,2023-11-20,122.849998,123.400002,117.349998,118.150002,52784478
623,2024-01-29,136.899994,137.699997,132.350006,135.550003,55871017
588,2023-12-07,119.599998,122.199997,118.400002,121.699997,52483562
290,2022-09-22,62.900002,63.75,62.599998,63.299999,34716572
411,2023-03-17,53.450001,55.75,53.049999,54.900002,112918857
213,2022-06-02,74.400002,74.400002,71.400002,71.949997,47866809
358,2022-12-30,61.0,61.450001,59.0,59.299999,33251260
180,2022-04-13,82.5,88.300003,82.150002,83.900002,52988189
380,2023-02-01,50.0,51.049999,47.049999,48.150002,68752685
99,2021-12-16,141.899994,142.850006,137.399994,138.399994,17182101
135,2022-02-07,95.099998,95.5,93.349998,93.550003,10900141
176,2022-04-07,84.800003,85.25,82.25,82.5,9709022
504,2023-08-03,81.599998,88.400002,81.599998,86.550003,123480816
559,2023-10-25,105.650002,109.5,105.550003,108.25,59685089
596,2023-12-19,129.0,131.75,127.400002,130.25,64117314
627,2024-02-02,141.800003,145.0,141.449997,143.800003,78666454
39,2021-09-20,137.699997,140.850006,133.25,134.300003,19799941
340,2022-12-06,64.75,65.449997,64.449997,64.800003,40042683
2,2021-07-27,141.699997,147.800003,127.75,132.899994,240341900
451,2023-05-19,63.950001,65.0,63.200001,64.5,73620039
68,2021-11-01,133.600006,134.300003,132.0,132.649994,6200243
208,2022-05-26,61.0,62.5,59.599998,60.450001,46556399
608,2024-01-05,130.899994,134.350006,128.949997,133.300003,55608923
420,2023-03-31,51.25,51.700001,50.650002,51.0,56566133
253,2022-07-28,44.900002,46.299999,43.049999,45.700001,267544569
339,2022-12-05,68.849998,69.0,65.0,65.449997,85107187
409,2023-03-15,51.5,52.200001,50.549999,50.75,38763143
111,2022-01-03,139.699997,142.449997,138.300003,141.350006,22518241
224,2022-06-17,65.650002,69.400002,65.300003,67.050003,33597224
544,2023-10-03,101.0,105.900002,100.0,105.300003,82983688
73,2021-11-09,133.0,138.899994,131.649994,137.649994,26457361
47,2021-09-30,139.199997,139.199997,136.149994,136.600006,7825751
113,2022-01-05,137.899994,137.899994,133.300003,133.949997,15874857
96,2021-12-13,142.199997,144.449997,141.899994,142.649994,20318225
214,2022-06-03,73.900002,74.849998,71.199997,72.150002,35779760
569,2023-11-08,122.0,125.699997,121.300003,125.150002,75041688
123,2022-01-19,131.699997,132.399994,128.25,129.199997,27812341
106,2021-12-27,131.350006,133.850006,128.0,132.75,13934154
595,2023-12-18,123.400002,129.199997,121.550003,128.550003,89553155
17,2021-08-17,132.800003,134.350006,130.600006,132.5,15815187
98,2021-12-15,140.5,142.0,140.0,140.600006,12791660
322,2022-11-10,65.5,65.949997,63.150002,63.950001,44332611
382,2023-02-03,48.150002,49.25,47.700001,48.75,42497841
365,2023-01-10,56.0,56.150002,53.799999,54.700001,45966335
510,2023-08-11,94.599998,95.199997,93.050003,93.449997,38156809
